,Model,EthnicitySelf,GenderSelf,LuminanceMedian,mask
CFD/AF-200/CFD-AF-200-228-N.jpg,AF-200,A,F,174.0,CFD-AF-200-228-N.png
CFD/AF-201/CFD-AF-201-060-N.jpg,AF-201,A,F,172.0,CFD-AF-201-060-N.png
CFD/AF-202/CFD-AF-202-122-N.jpg,AF-202,A,F,153.5,CFD-AF-202-122-N.png
CFD/AF-203/CFD-AF-203-077-N.jpg,AF-203,A,F,175.5,CFD-AF-203-077-N.png
CFD/AF-204/CFD-AF-204-067-N.jpg,AF-204,A,F,168.5,CFD-AF-204-067-N.png
CFD/AF-205/CFD-AF-205-155-N.jpg,AF-205,A,F,165.5,CFD-AF-205-155-N.png
CFD/AF-206/CFD-AF-206-079-N.jpg,AF-206,A,F,178.0,CFD-AF-206-079-N.png
CFD/AF-207/CFD-AF-207-023-N.jpg,AF-207,A,F,133.0,CFD-AF-207-023-N.png
CFD/AF-208/CFD-AF-208-003-N.jpg,AF-208,A,F,135.5,CFD-AF-208-003-N.png
CFD/AF-209/CFD-AF-209-006-N.jpg,AF-209,A,F,142.0,CFD-AF-209-006-N.png
CFD/AF-210/CFD-AF-210-050-N.jpg,AF-210,A,F,143.0,CFD-AF-210-050-N.png
CFD/AF-211/CFD-AF-211-066-N.jpg,AF-211,A,F,157.5,CFD-AF-211-066-N.png
CFD/AF-212/CFD-AF-212-097-N.jpg,AF-212,A,F,157.0,CFD-AF-212-097-N.png
CFD/AF-213/CFD-AF-213-126-N.jpg,AF-213,A,F,180.0,CFD-AF-213-126-N.png
CFD/AF-214/CFD-AF-214-139-N.jpg,AF-214,A,F,176.0,CFD-AF-214-139-N.png
CFD/AF-215/CFD-AF-215-70-N.jpg,AF-215,A,F,172.5,CFD-AF-215-70-N.png
CFD/AF-216/CFD-AF-216-106-N.jpg,AF-216,A,F,166.5,CFD-AF-216-106-N.png
CFD/AF-217/CFD-AF-217-155-N.jpg,AF-217,A,F,179.0,CFD-AF-217-155-N.png
CFD/AF-218/CFD-AF-218-157-N.jpg,AF-218,A,F,148.5,CFD-AF-218-157-N.png
CFD/AF-219/CFD-AF-219-106-N.jpg,AF-219,A,F,160.0,CFD-AF-219-106-N.png
CFD/AF-220/CFD-AF-220-107-N.jpg,AF-220,A,F,151.5,CFD-AF-220-107-N.png
CFD/AF-221/CFD-AF-221-147-N.jpg,AF-221,A,F,170.0,CFD-AF-221-147-N.png
CFD/AF-222/CFD-AF-222-134-N.jpg,AF-222,A,F,169.0,CFD-AF-222-134-N.png
CFD/AF-223/CFD-AF-223-183-N.jpg,AF-223,A,F,167.5,CFD-AF-223-183-N.png
CFD/AF-224/CFD-AF-224-026-N.jpg,AF-224,A,F,174.5,CFD-AF-224-026-N.png
CFD/AF-225/CFD-AF-225-141-N.jpg,AF-225,A,F,174.5,CFD-AF-225-141-N.png
CFD/AF-226/CFD-AF-226-251-N.jpg,AF-226,A,F,161.0,CFD-AF-226-251-N.png
CFD/AF-227/CFD-AF-227-207-N.jpg,AF-227,A,F,157.5,CFD-AF-227-207-N.png
CFD/AF-228/CFD-AF-228-173-N.jpg,AF-228,A,F,167.5,CFD-AF-228-173-N.png
CFD/AF-229/CFD-AF-229-160-N.jpg,AF-229,A,F,156.5,CFD-AF-229-160-N.png
CFD/AF-230/CFD-AF-230-193-N.jpg,AF-230,A,F,171.0,CFD-AF-230-193-N.png
CFD/AF-231/CFD-AF-231-357-N.jpg,AF-231,A,F,170.5,CFD-AF-231-357-N.png
CFD/AF-232/CFD-AF-232-078-N.jpg,AF-232,A,F,169.0,CFD-AF-232-078-N.png
CFD/AF-233/CFD-AF-233-190-N.jpg,AF-233,A,F,171.0,CFD-AF-233-190-N.png
CFD/AF-234/CFD-AF-234-208-N.jpg,AF-234,A,F,172.0,CFD-AF-234-208-N.png
CFD/AF-235/CFD-AF-235-170-N.jpg,AF-235,A,F,172.5,CFD-AF-235-170-N.png
CFD/AF-236/CFD-AF-236-145-N.jpg,AF-236,A,F,174.5,CFD-AF-236-145-N.png
CFD/AF-237/CFD-AF-237-223-N.jpg,AF-237,A,F,170.0,CFD-AF-237-223-N.png
CFD/AF-238/CFD-AF-238-185-N.jpg,AF-238,A,F,175.0,CFD-AF-238-185-N.png
CFD/AF-239/CFD-AF-239-171-N.jpg,AF-239,A,F,177.5,CFD-AF-239-171-N.png
CFD/AF-240/CFD-AF-240-206-N.jpg,AF-240,A,F,161.0,CFD-AF-240-206-N.png
CFD/AF-241/CFD-AF-241-141-N.jpg,AF-241,A,F,166.0,CFD-AF-241-141-N.png
CFD/AF-242/CFD-AF-242-158-N.jpg,AF-242,A,F,158.0,CFD-AF-242-158-N.png
CFD/AF-243/CFD-AF-243-170-N.jpg,AF-243,A,F,177.0,CFD-AF-243-170-N.png
CFD/AF-244/CFD-AF-244-168-N.jpg,AF-244,A,F,168.5,CFD-AF-244-168-N.png
CFD/AF-245/CFD-AF-245-143-N.jpg,AF-245,A,F,167.0,CFD-AF-245-143-N.png
CFD/AF-246/CFD-AF-246-242-N.jpg,AF-246,A,F,167.0,CFD-AF-246-242-N.png
CFD/AF-247/CFD-AF-247-278-N.jpg,AF-247,A,F,160.5,CFD-AF-247-278-N.png
CFD/AF-248/CFD-AF-248-148-N.jpg,AF-248,A,F,140.5,CFD-AF-248-148-N.png
CFD/AF-249/CFD-AF-249-092-N.jpg,AF-249,A,F,157.0,CFD-AF-249-092-N.png
CFD/AF-250/CFD-AF-250-200-N.jpg,AF-250,A,F,140.0,CFD-AF-250-200-N.png
CFD/AF-251/CFD-AF-251-093-N.jpg,AF-251,A,F,133.5,CFD-AF-251-093-N.png
CFD/AF-252/CFD-AF-252-135-N.jpg,AF-252,A,F,158.0,CFD-AF-252-135-N.png
CFD/AF-253/CFD-AF-253-130-N.jpg,AF-253,A,F,163.0,CFD-AF-253-130-N.png
CFD/AF-254/CFD-AF-254-167-N.jpg,AF-254,A,F,156.5,CFD-AF-254-167-N.png
CFD/AF-255/CFD-AF-255-209-N.jpg,AF-255,A,F,165.0,CFD-AF-255-209-N.png
CFD/AF-256/CFD-AF-256-160-N.jpg,AF-256,A,F,185.5,CFD-AF-256-160-N.png
CFD/AM-201/CFD-AM-201-076-N.jpg,AM-201,A,M,166.0,CFD-AM-201-076-N.png
CFD/AM-202/CFD-AM-202-079-N.jpg,AM-202,A,M,137.5,CFD-AM-202-079-N.png
CFD/AM-203/CFD-AM-203-086-N.jpg,AM-203,A,M,159.5,CFD-AM-203-086-N.png
CFD/AM-204/CFD-AM-204-122-N.jpg,AM-204,A,M,173.0,CFD-AM-204-122-N.png
CFD/AM-205/CFD-AM-205-153-N.jpg,AM-205,A,M,162.5,CFD-AM-205-153-N.png
CFD/AM-206/CFD-AM-206-086-N.jpg,AM-206,A,M,143.5,CFD-AM-206-086-N.png
CFD/AM-207/CFD-AM-207-108-N.jpg,AM-207,A,M,156.5,CFD-AM-207-108-N.png
CFD/AM-208/CFD-AM-208-143-N.jpg,AM-208,A,M,142.0,CFD-AM-208-143-N.png
CFD/AM-209/CFD-AM-209-048-N.jpg,AM-209,A,M,146.5,CFD-AM-209-048-N.png
CFD/AM-210/CFD-AM-210-035-N.jpg,AM-210,A,M,155.0,CFD-AM-210-035-N.png
CFD/AM-211/CFD-AM-211-052-N.jpg,AM-211,A,M,115.0,CFD-AM-211-052-N.png
CFD/AM-212/CFD-AM-212-050-N.jpg,AM-212,A,M,124.5,CFD-AM-212-050-N.png
CFD/AM-213/CFD-AM-213-056-N.jpg,AM-213,A,M,164.5,CFD-AM-213-056-N.png
CFD/AM-214/CFD-AM-214-168-N.jpg,AM-214,A,M,119.0,CFD-AM-214-168-N.png
CFD/AM-215/CFD-AM-215-120-N.jpg,AM-215,A,M,151.5,CFD-AM-215-120-N.png
CFD/AM-216/CFD-AM-216-114-N.jpg,AM-216,A,M,156.5,CFD-AM-216-114-N.png
CFD/AM-217/CFD-AM-217-085-N.jpg,AM-217,A,M,160.5,CFD-AM-217-085-N.png
CFD/AM-218/CFD-AM-218-085-N.jpg,AM-218,A,M,162.5,CFD-AM-218-085-N.png
CFD/AM-219/CFD-AM-219-101-N.jpg,AM-219,A,M,156.0,CFD-AM-219-101-N.png
CFD/AM-220/CFD-AM-220-134-N.jpg,AM-220,A,M,158.5,CFD-AM-220-134-N.png
CFD/AM-221/CFD-AM-221-184-N.jpg,AM-221,A,M,162.0,CFD-AM-221-184-N.png
CFD/AM-223/CFD-AM-223-138-N.jpg,AM-223,A,M,141.0,CFD-AM-223-138-N.png
CFD/AM-224/CFD-AM-224-126-N.jpg,AM-224,A,M,148.0,CFD-AM-224-126-N.png
CFD/AM-225/CFD-AM-225-102-N.jpg,AM-225,A,M,146.5,CFD-AM-225-102-N.png
CFD/AM-226/CFD-AM-226-234-N.jpg,AM-226,A,M,143.5,CFD-AM-226-234-N.png
CFD/AM-227/CFD-AM-227-184-N.jpg,AM-227,A,M,160.5,CFD-AM-227-184-N.png
CFD/AM-228/CFD-AM-228-214-N.jpg,AM-228,A,M,170.0,CFD-AM-228-214-N.png
CFD/AM-229/CFD-AM-229-224-N.jpg,AM-229,A,M,166.0,CFD-AM-229-224-N.png
CFD/AM-230/CFD-AM-230-150-N.jpg,AM-230,A,M,169.0,CFD-AM-230-150-N.png
CFD/AM-231/CFD-AM-231-136-N.jpg,AM-231,A,M,170.0,CFD-AM-231-136-N.png
CFD/AM-232/CFD-AM-232-251-N.jpg,AM-232,A,M,151.0,CFD-AM-232-251-N.png
CFD/AM-233/CFD-AM-233-236-N.jpg,AM-233,A,M,162.5,CFD-AM-233-236-N.png
CFD/AM-234/CFD-AM-234-355-N.jpg,AM-234,A,M,162.5,CFD-AM-234-355-N.png
CFD/AM-235/CFD-AM-235-241-N.jpg,AM-235,A,M,152.0,CFD-AM-235-241-N.png
CFD/AM-236/CFD-AM-236-090-N.jpg,AM-236,A,M,159.0,CFD-AM-236-090-N.png
CFD/AM-237/CFD-AM-237-154-N.jpg,AM-237,A,M,170.0,CFD-AM-237-154-N.png
CFD/AM-238/CFD-AM-238-269-N.jpg,AM-238,A,M,175.0,CFD-AM-238-269-N.png
CFD/AM-239/CFD-AM-239-147-N.jpg,AM-239,A,M,171.0,CFD-AM-239-147-N.png
CFD/AM-240/CFD-AM-240-191-N.jpg,AM-240,A,M,169.0,CFD-AM-240-191-N.png
CFD/AM-241/CFD-AM-241-287-N.jpg,AM-241,A,M,152.5,CFD-AM-241-287-N.png
CFD/AM-242/CFD-AM-242-176-N.jpg,AM-242,A,M,159.5,CFD-AM-242-176-N.png
CFD/AM-243/CFD-AM-243-212-N.jpg,AM-243,A,M,152.0,CFD-AM-243-212-N.png
CFD/AM-244/CFD-AM-244-222-N.jpg,AM-244,A,M,134.0,CFD-AM-244-222-N.png
CFD/AM-245/CFD-AM-245-111-N.jpg,AM-245,A,M,149.0,CFD-AM-245-111-N.png
CFD/AM-246/CFD-AM-246-184-N.jpg,AM-246,A,M,156.0,CFD-AM-246-184-N.png
CFD/AM-247/CFD-AM-247-165-N.jpg,AM-247,A,M,159.0,CFD-AM-247-165-N.png
CFD/AM-248/CFD-AM-248-104-N.jpg,AM-248,A,M,147.5,CFD-AM-248-104-N.png
CFD/AM-249/CFD-AM-249-163-N.jpg,AM-249,A,M,157.0,CFD-AM-249-163-N.png
CFD/AM-250/CFD-AM-250-149-N.jpg,AM-250,A,M,165.0,CFD-AM-250-149-N.png
CFD/AM-251/CFD-AM-251-124-N.jpg,AM-251,A,M,143.0,CFD-AM-251-124-N.png
CFD/AM-252/CFD-AM-252-114-N.jpg,AM-252,A,M,151.0,CFD-AM-252-114-N.png
CFD/AM-253/CFD-AM-253-161-N.jpg,AM-253,A,M,141.0,CFD-AM-253-161-N.png
CFD/BF-001/CFD-BF-001-025-N.jpg,BF-001,B,F,114.5,CFD-BF-001-025-N.png
CFD/BF-002/CFD-BF-002-001-N.jpg,BF-002,B,F,104.0,CFD-BF-002-001-N.png
CFD/BF-003/CFD-BF-003-003-N.jpg,BF-003,B,F,117.5,CFD-BF-003-003-N.png
CFD/BF-004/CFD-BF-004-014-N.jpg,BF-004,B,F,96.5,CFD-BF-004-014-N.png
CFD/BF-005/CFD-BF-005-001-N.jpg,BF-005,B,F,125.0,CFD-BF-005-001-N.png
CFD/BF-006/CFD-BF-006-017-N.jpg,BF-006,B,F,99.5,CFD-BF-006-017-N.png
CFD/BF-007/CFD-BF-007-001-N.jpg,BF-007,B,F,109.0,CFD-BF-007-001-N.png
CFD/BF-008/CFD-BF-008-001-N.jpg,BF-008,B,F,118.5,CFD-BF-008-001-N.png
CFD/BF-009/CFD-BF-009-002-N.jpg,BF-009,B,F,104.5,CFD-BF-009-002-N.png
CFD/BF-010/CFD-BF-010-001-N.jpg,BF-010,B,F,108.0,CFD-BF-010-001-N.png
CFD/BF-011/CFD-BF-011-002-N.jpg,BF-011,B,F,118.0,CFD-BF-011-002-N.png
CFD/BF-012/CFD-BF-012-001-N.jpg,BF-012,B,F,115.5,CFD-BF-012-001-N.png
CFD/BF-013/CFD-BF-013-001-N.jpg,BF-013,B,F,127.5,CFD-BF-013-001-N.png
CFD/BF-014/CFD-BF-014-002-N.jpg,BF-014,B,F,117.5,CFD-BF-014-002-N.png
CFD/BF-015/CFD-BF-015-004-N.jpg,BF-015,B,F,121.5,CFD-BF-015-004-N.png
CFD/BF-016/CFD-BF-016-017-N.jpg,BF-016,B,F,123.0,CFD-BF-016-017-N.png
CFD/BF-017/CFD-BF-017-003-N.jpg,BF-017,B,F,95.5,CFD-BF-017-003-N.png
CFD/BF-018/CFD-BF-018-039-N.jpg,BF-018,B,F,118.5,CFD-BF-018-039-N.png
CFD/BF-019/CFD-BF-019-001-N.jpg,BF-019,B,F,136.0,CFD-BF-019-001-N.png
CFD/BF-020/CFD-BF-020-002-N.jpg,BF-020,B,F,122.0,CFD-BF-020-002-N.png
CFD/BF-021/CFD-BF-021-013-N.jpg,BF-021,B,F,103.5,CFD-BF-021-013-N.png
CFD/BF-023/CFD-BF-023-010-N.jpg,BF-023,B,F,112.5,CFD-BF-023-010-N.png
CFD/BF-024/CFD-BF-024-002-N.jpg,BF-024,B,F,102.5,CFD-BF-024-002-N.png
CFD/BF-025/CFD-BF-025-002-N.jpg,BF-025,B,F,114.5,CFD-BF-025-002-N.png
CFD/BF-027/CFD-BF-027-002-N.jpg,BF-027,B,F,97.0,CFD-BF-027-002-N.png
CFD/BF-028/CFD-BF-028-001-N.jpg,BF-028,B,F,97.5,CFD-BF-028-001-N.png
CFD/BF-029/CFD-BF-029-031-N.jpg,BF-029,B,F,88.0,CFD-BF-029-031-N.png
CFD/BF-030/CFD-BF-030-002-N.jpg,BF-030,B,F,92.5,CFD-BF-030-002-N.png
CFD/BF-031/CFD-BF-031-002-N.jpg,BF-031,B,F,111.0,CFD-BF-031-002-N.png
CFD/BF-032/CFD-BF-032-038-N.jpg,BF-032,B,F,94.0,CFD-BF-032-038-N.png
CFD/BF-033/CFD-BF-033-028-N.jpg,BF-033,B,F,91.0,CFD-BF-033-028-N.png
CFD/BF-034/CFD-BF-034-002-N.jpg,BF-034,B,F,86.0,CFD-BF-034-002-N.png
CFD/BF-035/CFD-BF-035-001-N.jpg,BF-035,B,F,96.0,CFD-BF-035-001-N.png
CFD/BF-036/CFD-BF-036-027-N.jpg,BF-036,B,F,129.0,CFD-BF-036-027-N.png
CFD/BF-037/CFD-BF-037-022-N.jpg,BF-037,B,F,85.0,CFD-BF-037-022-N.png
CFD/BF-038/CFD-BF-038-037-N.jpg,BF-038,B,F,102.5,CFD-BF-038-037-N.png
CFD/BF-039/CFD-BF-039-031-N.jpg,BF-039,B,F,79.5,CFD-BF-039-031-N.png
CFD/BF-040/CFD-BF-040-003-N.jpg,BF-040,B,F,96.0,CFD-BF-040-003-N.png
CFD/BF-041/CFD-BF-041-001-N.jpg,BF-041,B,F,106.0,CFD-BF-041-001-N.png
CFD/BF-042/CFD-BF-042-026-N.jpg,BF-042,B,F,100.5,CFD-BF-042-026-N.png
CFD/BF-043/CFD-BF-043-003-N.jpg,BF-043,B,F,83.0,CFD-BF-043-003-N.png
CFD/BF-044/CFD-BF-044-034-N.jpg,BF-044,B,F,85.0,CFD-BF-044-034-N.png
CFD/BF-045/CFD-BF-045-003-N.jpg,BF-045,B,F,119.0,CFD-BF-045-003-N.png
CFD/BF-047/CFD-BF-047-003-N.jpg,BF-047,B,F,93.0,CFD-BF-047-003-N.png
CFD/BF-048/CFD-BF-048-002-N.jpg,BF-048,B,F,95.5,CFD-BF-048-002-N.png
CFD/BF-049/CFD-BF-049-032-N.jpg,BF-049,B,F,95.5,CFD-BF-049-032-N.png
CFD/BF-050/CFD-BF-050-003-N.jpg,BF-050,B,F,105.0,CFD-BF-050-003-N.png
CFD/BF-051/CFD-BF-051-035-N.jpg,BF-051,B,F,112.5,CFD-BF-051-035-N.png
CFD/BF-200/CFD-BF-200-080-N.jpg,BF-200,B,F,134.0,CFD-BF-200-080-N.png
CFD/BF-201/CFD-BF-201-080-N.jpg,BF-201,B,F,98.5,CFD-BF-201-080-N.png
CFD/BF-202/CFD-BF-202-109-N.jpg,BF-202,B,F,130.0,CFD-BF-202-109-N.png
CFD/BF-203/CFD-BF-203-184-N.jpg,BF-203,B,F,150.5,CFD-BF-203-184-N.png
CFD/BF-204/CFD-BF-204-189-N.jpg,BF-204,B,F,115.5,CFD-BF-204-189-N.png
CFD/BF-205/CFD-BF-205-141-N.jpg,BF-205,B,F,94.5,CFD-BF-205-141-N.png
CFD/BF-206/CFD-BF-206-143-N.jpg,BF-206,B,F,92.5,CFD-BF-206-143-N.png
CFD/BF-207/CFD-BF-207-004-N.jpg,BF-207,B,F,138.5,CFD-BF-207-004-N.png
CFD/BF-208/CFD-BF-208-266-N.jpg,BF-208,B,F,115.0,CFD-BF-208-266-N.png
CFD/BF-209/CFD-BF-209-172-N.jpg,BF-209,B,F,131.5,CFD-BF-209-172-N.png
CFD/BF-210/CFD-BF-210-130-N.jpg,BF-210,B,F,129.5,CFD-BF-210-130-N.png
CFD/BF-211/CFD-BF-211-168-N.jpg,BF-211,B,F,142.5,CFD-BF-211-168-N.png
CFD/BF-212/CFD-BF-212-315-N.jpg,BF-212,B,F,134.5,CFD-BF-212-315-N.png
CFD/BF-213/CFD-BF-213-188-N.jpg,BF-213,B,F,121.5,CFD-BF-213-188-N.png
CFD/BF-214/CFD-BF-214-308-N.jpg,BF-214,B,F,113.5,CFD-BF-214-308-N.png
CFD/BF-215/CFD-BF-215-177-N.jpg,BF-215,B,F,96.5,CFD-BF-215-177-N.png
CFD/BF-216/CFD-BF-216-132-N.jpg,BF-216,B,F,138.5,CFD-BF-216-132-N.png
CFD/BF-217/CFD-BF-217-189-N.jpg,BF-217,B,F,125.5,CFD-BF-217-189-N.png
CFD/BF-218/CFD-BF-218-207-N.jpg,BF-218,B,F,94.0,CFD-BF-218-207-N.png
CFD/BF-219/CFD-BF-219-137-N.jpg,BF-219,B,F,93.0,CFD-BF-219-137-N.png
CFD/BF-220/CFD-BF-220-161-N.jpg,BF-220,B,F,95.5,CFD-BF-220-161-N.png
CFD/BF-221/CFD-BF-221-223-N.jpg,BF-221,B,F,110.5,CFD-BF-221-223-N.png
CFD/BF-222/CFD-BF-222-240-N.jpg,BF-222,B,F,120.0,CFD-BF-222-240-N.png
CFD/BF-223/CFD-BF-223-250-N.jpg,BF-223,B,F,108.5,CFD-BF-223-250-N.png
CFD/BF-224/CFD-BF-224-002-N.jpg,BF-224,B,F,97.0,CFD-BF-224-002-N.png
CFD/BF-225/CFD-BF-225-192-N.jpg,BF-225,B,F,110.5,CFD-BF-225-192-N.png
CFD/BF-226/CFD-BF-226-119-N.jpg,BF-226,B,F,127.5,CFD-BF-226-119-N.png
CFD/BF-227/CFD-BF-227-137-N.jpg,BF-227,B,F,82.0,CFD-BF-227-137-N.png
CFD/BF-228/CFD-BF-228-212-N.jpg,BF-228,B,F,123.0,CFD-BF-228-212-N.png
CFD/BF-229/CFD-BF-229-179-N.jpg,BF-229,B,F,87.0,CFD-BF-229-179-N.png
CFD/BF-230/CFD-BF-230-189-N.jpg,BF-230,B,F,114.0,CFD-BF-230-189-N.png
CFD/BF-231/CFD-BF-231-202-N.jpg,BF-231,B,F,96.0,CFD-BF-231-202-N.png
CFD/BF-232/CFD-BF-232-187-N.jpg,BF-232,B,F,115.0,CFD-BF-232-187-N.png
CFD/BF-233/CFD-BF-233-116-N.jpg,BF-233,B,F,111.0,CFD-BF-233-116-N.png
CFD/BF-234/CFD-BF-234-167-N.jpg,BF-234,B,F,121.5,CFD-BF-234-167-N.png
CFD/BF-235/CFD-BF-235-168-N.jpg,BF-235,B,F,116.5,CFD-BF-235-168-N.png
CFD/BF-236/CFD-BF-236-177-N.jpg,BF-236,B,F,153.5,CFD-BF-236-177-N.png
CFD/BF-237/CFD-BF-237-172-N.jpg,BF-237,B,F,109.5,CFD-BF-237-172-N.png
CFD/BF-238/CFD-BF-238-190-N.jpg,BF-238,B,F,115.0,CFD-BF-238-190-N.png
CFD/BF-239/CFD-BF-239-180-N.jpg,BF-239,B,F,104.0,CFD-BF-239-180-N.png
CFD/BF-240/CFD-BF-240-179-N.jpg,BF-240,B,F,153.0,CFD-BF-240-179-N.png
CFD/BF-241/CFD-BF-241-222-N.jpg,BF-241,B,F,126.0,CFD-BF-241-222-N.png
CFD/BF-242/CFD-BF-242-154-N.jpg,BF-242,B,F,113.5,CFD-BF-242-154-N.png
CFD/BF-243/CFD-BF-243-164-N.jpg,BF-243,B,F,128.0,CFD-BF-243-164-N.png
CFD/BF-244/CFD-BF-244-231-N.jpg,BF-244,B,F,133.0,CFD-BF-244-231-N.png
CFD/BF-245/CFD-BF-245-178-N.jpg,BF-245,B,F,118.0,CFD-BF-245-178-N.png
CFD/BF-246/CFD-BF-246-170-N.jpg,BF-246,B,F,96.0,CFD-BF-246-170-N.png
CFD/BF-247/CFD-BF-247-179-N.jpg,BF-247,B,F,120.5,CFD-BF-247-179-N.png
CFD/BF-248/CFD-BF-248-149-N.jpg,BF-248,B,F,106.0,CFD-BF-248-149-N.png
CFD/BF-249/CFD-BF-249-091-N.jpg,BF-249,B,F,123.5,CFD-BF-249-091-N.png
CFD/BF-250/CFD-BF-250-121-N.jpg,BF-250,B,F,112.5,CFD-BF-250-121-N.png
CFD/BF-251/CFD-BF-251-211-N.jpg,BF-251,B,F,103.5,CFD-BF-251-211-N.png
CFD/BF-252/CFD-BF-252-191-N.jpg,BF-252,B,F,118.5,CFD-BF-252-191-N.png
CFD/BF-253/CFD-BF-253-202-N.jpg,BF-253,B,F,120.5,CFD-BF-253-202-N.png
CFD/BF-254/CFD-BF-254-201-N.jpg,BF-254,B,F,135.0,CFD-BF-254-201-N.png
CFD/BF-255/CFD-BF-255-140-N.jpg,BF-255,B,F,142.0,CFD-BF-255-140-N.png
CFD/BM-001/CFD-BM-001-014-N.jpg,BM-001,B,M,82.0,CFD-BM-001-014-N.png
CFD/BM-002/CFD-BM-002-013-N.jpg,BM-002,B,M,89.5,CFD-BM-002-013-N.png
CFD/BM-003/CFD-BM-003-003-N.jpg,BM-003,B,M,96.5,CFD-BM-003-003-N.png
CFD/BM-004/CFD-BM-004-002-N.jpg,BM-004,B,M,115.5,CFD-BM-004-002-N.png
CFD/BM-005/CFD-BM-005-003-N.jpg,BM-005,B,M,79.5,CFD-BM-005-003-N.png
CFD/BM-009/CFD-BM-009-002-N.jpg,BM-009,B,M,103.0,CFD-BM-009-002-N.png
CFD/BM-010/CFD-BM-010-003-N.jpg,BM-010,B,M,89.0,CFD-BM-010-003-N.png
CFD/BM-011/CFD-BM-011-016-N.jpg,BM-011,B,M,73.0,CFD-BM-011-016-N.png
CFD/BM-012/CFD-BM-012-018-N.jpg,BM-012,B,M,135.0,CFD-BM-012-018-N.png
CFD/BM-013/CFD-BM-013-002-N.jpg,BM-013,B,M,82.5,CFD-BM-013-002-N.png
CFD/BM-015/CFD-BM-015-015-N.jpg,BM-015,B,M,103.5,CFD-BM-015-015-N.png
CFD/BM-016/CFD-BM-016-036-N.jpg,BM-016,B,M,111.5,CFD-BM-016-036-N.png
CFD/BM-017/CFD-BM-017-021-N.jpg,BM-017,B,M,85.0,CFD-BM-017-021-N.png
CFD/BM-018/CFD-BM-018-001-N.jpg,BM-018,B,M,90.5,CFD-BM-018-001-N.png
CFD/BM-019/CFD-BM-019-002-N.jpg,BM-019,B,M,68.0,CFD-BM-019-002-N.png
CFD/BM-020/CFD-BM-020-001-N.jpg,BM-020,B,M,84.0,CFD-BM-020-001-N.png
CFD/BM-021/CFD-BM-021-021-N.jpg,BM-021,B,M,75.5,CFD-BM-021-021-N.png
CFD/BM-022/CFD-BM-022-022-N.jpg,BM-022,B,M,91.5,CFD-BM-022-022-N.png
CFD/BM-023/CFD-BM-023-029-N.jpg,BM-023,B,M,100.0,CFD-BM-023-029-N.png
CFD/BM-024/CFD-BM-024-001-N.jpg,BM-024,B,M,121.5,CFD-BM-024-001-N.png
CFD/BM-025/CFD-BM-025-035-N.jpg,BM-025,B,M,67.5,CFD-BM-025-035-N.png
CFD/BM-026/CFD-BM-026-002-N.jpg,BM-026,B,M,79.0,CFD-BM-026-002-N.png
CFD/BM-027/CFD-BM-027-001-N.jpg,BM-027,B,M,128.0,CFD-BM-027-001-N.png
CFD/BM-028/CFD-BM-028-002-N.jpg,BM-028,B,M,77.0,CFD-BM-028-002-N.png
CFD/BM-029/CFD-BM-029-024-N.jpg,BM-029,B,M,57.5,CFD-BM-029-024-N.png
CFD/BM-030/CFD-BM-030-003-N.jpg,BM-030,B,M,82.0,CFD-BM-030-003-N.png
CFD/BM-031/CFD-BM-031-003-N.jpg,BM-031,B,M,109.0,CFD-BM-031-003-N.png
CFD/BM-032/CFD-BM-032-024-N.jpg,BM-032,B,M,71.5,CFD-BM-032-024-N.png
CFD/BM-033/CFD-BM-033-003-N.jpg,BM-033,B,M,84.0,CFD-BM-033-003-N.png
CFD/BM-034/CFD-BM-034-031-N.jpg,BM-034,B,M,77.5,CFD-BM-034-031-N.png
CFD/BM-036/CFD-BM-036-003-N.jpg,BM-036,B,M,73.0,CFD-BM-036-003-N.png
CFD/BM-037/CFD-BM-037-033-N.jpg,BM-037,B,M,80.0,CFD-BM-037-033-N.png
CFD/BM-038/CFD-BM-038-001-N.jpg,BM-038,B,M,89.0,CFD-BM-038-001-N.png
CFD/BM-039/CFD-BM-039-029-N.jpg,BM-039,B,M,79.0,CFD-BM-039-029-N.png
CFD/BM-040/CFD-BM-040-002-N.jpg,BM-040,B,M,89.0,CFD-BM-040-002-N.png
CFD/BM-041/CFD-BM-041-035-N.jpg,BM-041,B,M,81.5,CFD-BM-041-035-N.png
CFD/BM-043/CFD-BM-043-071-N.jpg,BM-043,B,M,102.0,CFD-BM-043-071-N.png
CFD/BM-044/CFD-BM-044-001-N.jpg,BM-044,B,M,91.5,CFD-BM-044-001-N.png
CFD/BM-045/CFD-BM-045-004-N.jpg,BM-045,B,M,74.0,CFD-BM-045-004-N.png
CFD/BM-046/CFD-BM-046-006-N.jpg,BM-046,B,M,78.5,CFD-BM-046-006-N.png
CFD/BM-200/CFD-BM-200-046-N.jpg,BM-200,B,M,94.5,CFD-BM-200-046-N.png
CFD/BM-201/CFD-BM-201-077-N.jpg,BM-201,B,M,114.5,CFD-BM-201-077-N.png
CFD/BM-202/CFD-BM-202-063-N.jpg,BM-202,B,M,99.5,CFD-BM-202-063-N.png
CFD/BM-203/CFD-BM-203-001-N.jpg,BM-203,B,M,103.0,CFD-BM-203-001-N.png
CFD/BM-204/CFD-BM-204-003-N.jpg,BM-204,B,M,135.5,CFD-BM-204-003-N.png
CFD/BM-205/CFD-BM-205-001-N.jpg,BM-205,B,M,83.0,CFD-BM-205-001-N.png
CFD/BM-206/CFD-BM-206-114-N.jpg,BM-206,B,M,114.5,CFD-BM-206-114-N.png
CFD/BM-207/CFD-BM-207-024-N.jpg,BM-207,B,M,103.0,CFD-BM-207-024-N.png
CFD/BM-208/CFD-BM-208-065-N.jpg,BM-208,B,M,132.0,CFD-BM-208-065-N.png
CFD/BM-209/CFD-BM-209-088-N.jpg,BM-209,B,M,99.0,CFD-BM-209-088-N.png
CFD/BM-210/CFD-BM-210-148-N.jpg,BM-210,B,M,79.0,CFD-BM-210-148-N.png
CFD/BM-211/CFD-BM-211-174-N.jpg,BM-211,B,M,129.0,CFD-BM-211-174-N.png
CFD/BM-212/CFD-BM-212-117-N.jpg,BM-212,B,M,128.0,CFD-BM-212-117-N.png
CFD/BM-213/CFD-BM-213-134-N.jpg,BM-213,B,M,89.5,CFD-BM-213-134-N.png
CFD/BM-214/CFD-BM-214-075-N.jpg,BM-214,B,M,108.5,CFD-BM-214-075-N.png
CFD/BM-215/CFD-BM-215-155-N.jpg,BM-215,B,M,106.0,CFD-BM-215-155-N.png
CFD/BM-216/CFD-BM-216-088-N.jpg,BM-216,B,M,85.5,CFD-BM-216-088-N.png
CFD/BM-217/CFD-BM-217-082-N.jpg,BM-217,B,M,96.0,CFD-BM-217-082-N.png
CFD/BM-218/CFD-BM-218-132-N.jpg,BM-218,B,M,124.0,CFD-BM-218-132-N.png
CFD/BM-219/CFD-BM-219-141-N.jpg,BM-219,B,M,139.0,CFD-BM-219-141-N.png
CFD/BM-221/CFD-BM-221-198-N.jpg,BM-221,B,M,124.5,CFD-BM-221-198-N.png
CFD/BM-222/CFD-BM-222-173-N.jpg,BM-222,B,M,132.5,CFD-BM-222-173-N.png
CFD/BM-223/CFD-BM-223-171-N.jpg,BM-223,B,M,77.5,CFD-BM-223-171-N.png
CFD/BM-224/CFD-BM-224-073-N.jpg,BM-224,B,M,104.5,CFD-BM-224-073-N.png
CFD/BM-225/CFD-BM-225-154-N.jpg,BM-225,B,M,95.5,CFD-BM-225-154-N.png
CFD/BM-226/CFD-BM-226-276-N.jpg,BM-226,B,M,118.0,CFD-BM-226-276-N.png
CFD/BM-227/CFD-BM-227-191-N.jpg,BM-227,B,M,116.5,CFD-BM-227-191-N.png
CFD/BM-228/CFD-BM-228-145-N.jpg,BM-228,B,M,132.0,CFD-BM-228-145-N.png
CFD/BM-229/CFD-BM-229-209-N.jpg,BM-229,B,M,84.0,CFD-BM-229-209-N.png
CFD/BM-230/CFD-BM-230-232-N.jpg,BM-230,B,M,130.5,CFD-BM-230-232-N.png
CFD/BM-231/CFD-BM-231-155-N.jpg,BM-231,B,M,105.0,CFD-BM-231-155-N.png
CFD/BM-232/CFD-BM-232-213-N.jpg,BM-232,B,M,105.0,CFD-BM-232-213-N.png
CFD/BM-233/CFD-BM-233-285-N.jpg,BM-233,B,M,105.5,CFD-BM-233-285-N.png
CFD/BM-234/CFD-BM-234-172-N.jpg,BM-234,B,M,156.5,CFD-BM-234-172-N.png
CFD/BM-235/CFD-BM-235-226-N.jpg,BM-235,B,M,128.0,CFD-BM-235-226-N.png
CFD/BM-236/CFD-BM-236-248-N.jpg,BM-236,B,M,90.5,CFD-BM-236-248-N.png
CFD/BM-237/CFD-BM-237-188-N.jpg,BM-237,B,M,122.5,CFD-BM-237-188-N.png
CFD/BM-238/CFD-BM-238-242-N.jpg,BM-238,B,M,130.0,CFD-BM-238-242-N.png
CFD/BM-239/CFD-BM-239-136-N.jpg,BM-239,B,M,138.5,CFD-BM-239-136-N.png
CFD/BM-240/CFD-BM-240-207-N.jpg,BM-240,B,M,108.5,CFD-BM-240-207-N.png
CFD/BM-241/CFD-BM-241-235-N.jpg,BM-241,B,M,95.0,CFD-BM-241-235-N.png
CFD/BM-242/CFD-BM-242-233-N.jpg,BM-242,B,M,98.0,CFD-BM-242-233-N.png
CFD/BM-243/CFD-BM-243-218-N.jpg,BM-243,B,M,110.0,CFD-BM-243-218-N.png
CFD/BM-244/CFD-BM-244-197-N.jpg,BM-244,B,M,99.0,CFD-BM-244-197-N.png
CFD/BM-245/CFD-BM-245-164-N.jpg,BM-245,B,M,103.5,CFD-BM-245-164-N.png
CFD/BM-246/CFD-BM-246-192-N.jpg,BM-246,B,M,111.5,CFD-BM-246-192-N.png
CFD/BM-247/CFD-BM-247-240-N.jpg,BM-247,B,M,102.5,CFD-BM-247-240-N.png
CFD/BM-248/CFD-BM-248-128-N.jpg,BM-248,B,M,135.0,CFD-BM-248-128-N.png
CFD/BM-249/CFD-BM-249-235-N.jpg,BM-249,B,M,121.0,CFD-BM-249-235-N.png
CFD/BM-250/CFD-BM-250-170-N.jpg,BM-250,B,M,117.0,CFD-BM-250-170-N.png
CFD/BM-251/CFD-BM-251-013-N.jpg,BM-251,B,M,95.0,CFD-BM-251-013-N.png
CFD/BM-252/CFD-BM-252-161-N.jpg,BM-252,B,M,126.0,CFD-BM-252-161-N.png
CFD/BM-253/CFD-BM-253-004-N.jpg,BM-253,B,M,107.0,CFD-BM-253-004-N.png
CFD/LF-200/CFD-LF-200-058-N.jpg,LF-200,L,F,163.0,CFD-LF-200-058-N.png
CFD/LF-201/CFD-LF-201-035-N.jpg,LF-201,L,F,161.0,CFD-LF-201-035-N.png
CFD/LF-202/CFD-LF-202-065-N.jpg,LF-202,L,F,171.0,CFD-LF-202-065-N.png
CFD/LF-203/CFD-LF-203-066-N.jpg,LF-203,L,F,165.0,CFD-LF-203-066-N.png
CFD/LF-204/CFD-LF-204-133-N.jpg,LF-204,L,F,160.0,CFD-LF-204-133-N.png
CFD/LF-205/CFD-LF-205-100-N.jpg,LF-205,L,F,159.0,CFD-LF-205-100-N.png
CFD/LF-206/CFD-LF-206-078-N.jpg,LF-206,L,F,163.0,CFD-LF-206-078-N.png
CFD/LF-207/CFD-LF-207-198-N.jpg,LF-207,L,F,139.5,CFD-LF-207-198-N.png
CFD/LF-208/CFD-LF-208-127-N.jpg,LF-208,L,F,157.0,CFD-LF-208-127-N.png
CFD/LF-209/CFD-LF-209-072-N.jpg,LF-209,L,F,157.0,CFD-LF-209-072-N.png
CFD/LF-210/CFD-LF-210-220-N.jpg,LF-210,L,F,177.5,CFD-LF-210-220-N.png
CFD/LF-211/CFD-LF-211-003-N.jpg,LF-211,L,F,166.5,CFD-LF-211-003-N.png
CFD/LF-212/CFD-LF-212-066-N.jpg,LF-212,L,F,162.0,CFD-LF-212-066-N.png
CFD/LF-213/CFD-LF-213-079-N.jpg,LF-213,L,F,153.5,CFD-LF-213-079-N.png
CFD/LF-214/CFD-LF-214-090-N.jpg,LF-214,L,F,143.5,CFD-LF-214-090-N.png
CFD/LF-215/CFD-LF-215-157-N.jpg,LF-215,L,F,135.5,CFD-LF-215-157-N.png
CFD/LF-216/CFD-LF-216-121-N.jpg,LF-216,L,F,161.0,CFD-LF-216-121-N.png
CFD/LF-217/CFD-LF-217-082-N.jpg,LF-217,L,F,158.0,CFD-LF-217-082-N.png
CFD/LF-218/CFD-LF-218-072-N.jpg,LF-218,L,F,167.0,CFD-LF-218-072-N.png
CFD/LF-219/CFD-LF-219-223-N.jpg,LF-219,L,F,161.5,CFD-LF-219-223-N.png
CFD/LF-220/CFD-LF-220-120-N.jpg,LF-220,L,F,151.5,CFD-LF-220-120-N.png
CFD/LF-221/CFD-LF-221-002-N.jpg,LF-221,L,F,157.5,CFD-LF-221-002-N.png
CFD/LF-222/CFD-LF-222-147-N.jpg,LF-222,L,F,153.5,CFD-LF-222-147-N.png
CFD/LF-223/CFD-LF-223-064-N.jpg,LF-223,L,F,165.0,CFD-LF-223-064-N.png
CFD/LF-224/CFD-LF-224-176-N.jpg,LF-224,L,F,152.0,CFD-LF-224-176-N.png
CFD/LF-225/CFD-LF-225-164-N.jpg,LF-225,L,F,158.0,CFD-LF-225-164-N.png
CFD/LF-226/CFD-LF-226-174-N.jpg,LF-226,L,F,147.5,CFD-LF-226-174-N.png
CFD/LF-227/CFD-LF-227-054-N.jpg,LF-227,L,F,165.5,CFD-LF-227-054-N.png
CFD/LF-228/CFD-LF-228-125-N.jpg,LF-228,L,F,150.5,CFD-LF-228-125-N.png
CFD/LF-229/CFD-LF-229-164-N.jpg,LF-229,L,F,160.5,CFD-LF-229-164-N.png
CFD/LF-230/CFD-LF-230-203-N.jpg,LF-230,L,F,167.5,CFD-LF-230-203-N.png
CFD/LF-231/CFD-LF-231-260-N.jpg,LF-231,L,F,151.5,CFD-LF-231-260-N.png
CFD/LF-232/CFD-LF-232-199-N.jpg,LF-232,L,F,161.5,CFD-LF-232-199-N.png
CFD/LF-233/CFD-LF-233-277-N.jpg,LF-233,L,F,173.5,CFD-LF-233-277-N.png
CFD/LF-234/CFD-LF-234-139-N.jpg,LF-234,L,F,161.5,CFD-LF-234-139-N.png
CFD/LF-235/CFD-LF-235-219-N.jpg,LF-235,L,F,166.5,CFD-LF-235-219-N.png
CFD/LF-236/CFD-LF-236-221-N.jpg,LF-236,L,F,155.0,CFD-LF-236-221-N.png
CFD/LF-237/CFD-LF-237-190-N.jpg,LF-237,L,F,165.0,CFD-LF-237-190-N.png
CFD/LF-238/CFD-LF-238-154-N.jpg,LF-238,L,F,166.5,CFD-LF-238-154-N.png
CFD/LF-239/CFD-LF-239-148-N.jpg,LF-239,L,F,160.0,CFD-LF-239-148-N.png
CFD/LF-240/CFD-LF-240-199-N.jpg,LF-240,L,F,175.0,CFD-LF-240-199-N.png
CFD/LF-241/CFD-LF-241-188-N.jpg,LF-241,L,F,164.0,CFD-LF-241-188-N.png
CFD/LF-242/CFD-LF-242-121-N.jpg,LF-242,L,F,165.0,CFD-LF-242-121-N.png
CFD/LF-243/CFD-LF-243-175-N.jpg,LF-243,L,F,169.5,CFD-LF-243-175-N.png
CFD/LF-244/CFD-LF-244-096-N.jpg,LF-244,L,F,149.5,CFD-LF-244-096-N.png
CFD/LF-245/CFD-LF-245-166-N.jpg,LF-245,L,F,157.5,CFD-LF-245-166-N.png
CFD/LF-246/CFD-LF-246-129-N.jpg,LF-246,L,F,167.5,CFD-LF-246-129-N.png
CFD/LF-247/CFD-LF-247-051-N.jpg,LF-247,L,F,173.0,CFD-LF-247-051-N.png
CFD/LF-248/CFD-LF-248-160-N.jpg,LF-248,L,F,162.5,CFD-LF-248-160-N.png
CFD/LF-249/CFD-LF-249-132-N.jpg,LF-249,L,F,165.0,CFD-LF-249-132-N.png
CFD/LF-250/CFD-LF-250-169-N.jpg,LF-250,L,F,162.0,CFD-LF-250-169-N.png
CFD/LF-251/CFD-LF-251-057-N.jpg,LF-251,L,F,143.0,CFD-LF-251-057-N.png
CFD/LF-252/CFD-LF-252-172-N.jpg,LF-252,L,F,155.5,CFD-LF-252-172-N.png
CFD/LF-253/CFD-LF-253-003-N.jpg,LF-253,L,F,139.5,CFD-LF-253-003-N.png
CFD/LF-254/CFD-LF-254-125-N.jpg,LF-254,L,F,161.0,CFD-LF-254-125-N.png
CFD/LF-255/CFD-LF-255-088-N.jpg,LF-255,L,F,153.5,CFD-LF-255-088-N.png
CFD/LM-200/CFD-LM-200-045-N.jpg,LM-200,L,M,175.0,CFD-LM-200-045-N.png
CFD/LM-201/CFD-LM-201-057-N.jpg,LM-201,L,M,157.0,CFD-LM-201-057-N.png
CFD/LM-202/CFD-LM-202-072-N.jpg,LM-202,L,M,125.0,CFD-LM-202-072-N.png
CFD/LM-203/CFD-LM-203-026-N.jpg,LM-203,L,M,155.0,CFD-LM-203-026-N.png
CFD/LM-204/CFD-LM-204-001-N.jpg,LM-204,L,M,168.0,CFD-LM-204-001-N.png
CFD/LM-206/CFD-LM-206-204-N.jpg,LM-206,L,M,163.5,CFD-LM-206-204-N.png
CFD/LM-207/CFD-LM-207-004-N.jpg,LM-207,L,M,150.5,CFD-LM-207-004-N.png
CFD/LM-208/CFD-LM-208-110-N.jpg,LM-208,L,M,175.0,CFD-LM-208-110-N.png
CFD/LM-209/CFD-LM-209-111-N.jpg,LM-209,L,M,154.5,CFD-LM-209-111-N.png
CFD/LM-210/CFD-LM-210-156-N.jpg,LM-210,L,M,153.5,CFD-LM-210-156-N.png
CFD/LM-211/CFD-LM-211-128-N.jpg,LM-211,L,M,141.0,CFD-LM-211-128-N.png
CFD/LM-212/CFD-LM-212-143-N.jpg,LM-212,L,M,164.0,CFD-LM-212-143-N.png
CFD/LM-213/CFD-LM-213-061-N.jpg,LM-213,L,M,131.5,CFD-LM-213-061-N.png
CFD/LM-214/CFD-LM-214-165-N.jpg,LM-214,L,M,154.0,CFD-LM-214-165-N.png
CFD/LM-215/CFD-LM-215-247-N.jpg,LM-215,L,M,162.0,CFD-LM-215-247-N.png
CFD/LM-216/CFD-LM-216-082-N.jpg,LM-216,L,M,139.5,CFD-LM-216-082-N.png
CFD/LM-217/CFD-LM-217-162-N.jpg,LM-217,L,M,170.0,CFD-LM-217-162-N.png
CFD/LM-218/CFD-LM-218-183-N.jpg,LM-218,L,M,162.5,CFD-LM-218-183-N.png
CFD/LM-219/CFD-LM-219-295-N.jpg,LM-219,L,M,152.5,CFD-LM-219-295-N.png
CFD/LM-220/CFD-LM-220-329-N.jpg,LM-220,L,M,157.0,CFD-LM-220-329-N.png
CFD/LM-221/CFD-LM-221-216-N.jpg,LM-221,L,M,155.5,CFD-LM-221-216-N.png
CFD/LM-222/CFD-LM-222-239-N.jpg,LM-222,L,M,166.0,CFD-LM-222-239-N.png
CFD/LM-223/CFD-LM-223-175-N.jpg,LM-223,L,M,138.0,CFD-LM-223-175-N.png
CFD/LM-224/CFD-LM-224-162-N.jpg,LM-224,L,M,140.5,CFD-LM-224-162-N.png
CFD/LM-225/CFD-LM-225-130-N.jpg,LM-225,L,M,133.5,CFD-LM-225-130-N.png
CFD/LM-226/CFD-LM-226-175-N.jpg,LM-226,L,M,156.5,CFD-LM-226-175-N.png
CFD/LM-227/CFD-LM-227-103-N.jpg,LM-227,L,M,165.0,CFD-LM-227-103-N.png
CFD/LM-228/CFD-LM-228-188-N.jpg,LM-228,L,M,153.0,CFD-LM-228-188-N.png
CFD/LM-229/CFD-LM-229-187-N.jpg,LM-229,L,M,160.5,CFD-LM-229-187-N.png
CFD/LM-230/CFD-LM-230-202-N.jpg,LM-230,L,M,149.5,CFD-LM-230-202-N.png
CFD/LM-231/CFD-LM-231-214-N.jpg,LM-231,L,M,166.0,CFD-LM-231-214-N.png
CFD/LM-232/CFD-LM-232-204-N.jpg,LM-232,L,M,158.5,CFD-LM-232-204-N.png
CFD/LM-233/CFD-LM-233-171-N.jpg,LM-233,L,M,158.0,CFD-LM-233-171-N.png
CFD/LM-234/CFD-LM-234-176-N.jpg,LM-234,L,M,160.0,CFD-LM-234-176-N.png
CFD/LM-235/CFD-LM-235-231-N.jpg,LM-235,L,M,150.5,CFD-LM-235-231-N.png
CFD/LM-236/CFD-LM-236-163-N.jpg,LM-236,L,M,156.0,CFD-LM-236-163-N.png
CFD/LM-237/CFD-LM-237-264-N.jpg,LM-237,L,M,164.5,CFD-LM-237-264-N.png
CFD/LM-238/CFD-LM-238-129-N.jpg,LM-238,L,M,165.0,CFD-LM-238-129-N.png
CFD/LM-239/CFD-LM-239-075-N.jpg,LM-239,L,M,154.0,CFD-LM-239-075-N.png
CFD/LM-240/CFD-LM-240-013-N.jpg,LM-240,L,M,162.0,CFD-LM-240-013-N.png
CFD/LM-241/CFD-LM-241-125-N.jpg,LM-241,L,M,154.5,CFD-LM-241-125-N.png
CFD/LM-242/CFD-LM-242-002-N.jpg,LM-242,L,M,131.0,CFD-LM-242-002-N.png
CFD/LM-243/CFD-LM-243-075-N.jpg,LM-243,L,M,150.0,CFD-LM-243-075-N.png
CFD/LM-244/CFD-LM-244-068-N.jpg,LM-244,L,M,166.5,CFD-LM-244-068-N.png
CFD/LM-246/CFD-LM-246-087-N.jpg,LM-246,L,M,148.5,CFD-LM-246-087-N.png
CFD/LM-247/CFD-LM-247-095-N.jpg,LM-247,L,M,132.5,CFD-LM-247-095-N.png
CFD/LM-248/CFD-LM-248-089-N.jpg,LM-248,L,M,168.5,CFD-LM-248-089-N.png
CFD/LM-249/CFD-LM-249-001-N.jpg,LM-249,L,M,168.0,CFD-LM-249-001-N.png
CFD/LM-250/CFD-LM-250-077-N.jpg,LM-250,L,M,161.0,CFD-LM-250-077-N.png
CFD/LM-251/CFD-LM-251-073-N.jpg,LM-251,L,M,168.5,CFD-LM-251-073-N.png
CFD/LM-252/CFD-LM-252-076-N.jpg,LM-252,L,M,145.0,CFD-LM-252-076-N.png
CFD/LM-253/CFD-LM-253-075-N.jpg,LM-253,L,M,164.0,CFD-LM-253-075-N.png
CFD/WF-001/CFD-WF-001-003-N.jpg,WF-001,W,F,158.0,CFD-WF-001-003-N.png
CFD/WF-002/CFD-WF-002-004-N.jpg,WF-002,W,F,176.0,CFD-WF-002-004-N.png
CFD/WF-003/CFD-WF-003-003-N.jpg,WF-003,W,F,163.5,CFD-WF-003-003-N.png
CFD/WF-005/CFD-WF-005-010-N.jpg,WF-005,W,F,160.5,CFD-WF-005-010-N.png
CFD/WF-006/CFD-WF-006-002-N.jpg,WF-006,W,F,162.0,CFD-WF-006-002-N.png
CFD/WF-007/CFD-WF-007-001-N.jpg,WF-007,W,F,168.5,CFD-WF-007-001-N.png
CFD/WF-008/CFD-WF-008-002-N.jpg,WF-008,W,F,168.0,CFD-WF-008-002-N.png
CFD/WF-009/CFD-WF-009-001-N.jpg,WF-009,W,F,150.5,CFD-WF-009-001-N.png
CFD/WF-010/CFD-WF-010-004-N.jpg,WF-010,W,F,168.5,CFD-WF-010-004-N.png
CFD/WF-011/CFD-WF-011-002-N.jpg,WF-011,W,F,157.5,CFD-WF-011-002-N.png
CFD/WF-012/CFD-WF-012-002-N.jpg,WF-012,W,F,159.0,CFD-WF-012-002-N.png
CFD/WF-013/CFD-WF-013-003-N.jpg,WF-013,W,F,154.5,CFD-WF-013-003-N.png
CFD/WF-014/CFD-WF-014-002-N.jpg,WF-014,W,F,158.0,CFD-WF-014-002-N.png
CFD/WF-015/CFD-WF-015-006-N.jpg,WF-015,W,F,165.5,CFD-WF-015-006-N.png
CFD/WF-016/CFD-WF-016-015-N.jpg,WF-016,W,F,151.0,CFD-WF-016-015-N.png
CFD/WF-017/CFD-WF-017-003-N.jpg,WF-017,W,F,163.5,CFD-WF-017-003-N.png
CFD/WF-018/CFD-WF-018-017-N.jpg,WF-018,W,F,152.5,CFD-WF-018-017-N.png
CFD/WF-019/CFD-WF-019-005-N.jpg,WF-019,W,F,161.0,CFD-WF-019-005-N.png
CFD/WF-020/CFD-WF-020-002-N.jpg,WF-020,W,F,162.0,CFD-WF-020-002-N.png
CFD/WF-021/CFD-WF-021-002-N.jpg,WF-021,W,F,155.5,CFD-WF-021-002-N.png
CFD/WF-022/CFD-WF-022-017-N.jpg,WF-022,W,F,167.0,CFD-WF-022-017-N.png
CFD/WF-023/CFD-WF-023-003-N.jpg,WF-023,W,F,167.0,CFD-WF-023-003-N.png
CFD/WF-024/CFD-WF-024-003-N.jpg,WF-024,W,F,160.5,CFD-WF-024-003-N.png
CFD/WF-025/CFD-WF-025-019-N.jpg,WF-025,W,F,149.0,CFD-WF-025-019-N.png
CFD/WF-026/CFD-WF-026-002-N.jpg,WF-026,W,F,142.0,CFD-WF-026-002-N.png
CFD/WF-027/CFD-WF-027-003-N.jpg,WF-027,W,F,155.5,CFD-WF-027-003-N.png
CFD/WF-028/CFD-WF-028-023-N.jpg,WF-028,W,F,151.0,CFD-WF-028-023-N.png
CFD/WF-029/CFD-WF-029-002-N.jpg,WF-029,W,F,154.5,CFD-WF-029-002-N.png
CFD/WF-030/CFD-WF-030-002-N.jpg,WF-030,W,F,174.5,CFD-WF-030-002-N.png
CFD/WF-031/CFD-WF-031-027-N.jpg,WF-031,W,F,166.5,CFD-WF-031-027-N.png
CFD/WF-033/CFD-WF-033-002-N.jpg,WF-033,W,F,159.0,CFD-WF-033-002-N.png
CFD/WF-034/CFD-WF-034-006-N.jpg,WF-034,W,F,143.0,CFD-WF-034-006-N.png
CFD/WF-035/CFD-WF-035-024-N.jpg,WF-035,W,F,146.5,CFD-WF-035-024-N.png
CFD/WF-036/CFD-WF-036-023-N.jpg,WF-036,W,F,145.0,CFD-WF-036-023-N.png
CFD/WF-037/CFD-WF-037-029-N.jpg,WF-037,W,F,158.5,CFD-WF-037-029-N.png
CFD/WF-038/CFD-WF-038-021-N.jpg,WF-038,W,F,151.0,CFD-WF-038-021-N.png
CFD/WF-039/CFD-WF-039-025-N.jpg,WF-039,W,F,163.5,CFD-WF-039-025-N.png
CFD/WF-200/CFD-WF-200-099-N.jpg,WF-200,W,F,163.0,CFD-WF-200-099-N.png
CFD/WF-201/CFD-WF-201-156-N.jpg,WF-201,W,F,169.0,CFD-WF-201-156-N.png
CFD/WF-202/CFD-WF-202-056-N.jpg,WF-202,W,F,170.0,CFD-WF-202-056-N.png
CFD/WF-203/CFD-WF-203-229-N.jpg,WF-203,W,F,168.0,CFD-WF-203-229-N.png
CFD/WF-204/CFD-WF-204-038-N.jpg,WF-204,W,F,174.5,CFD-WF-204-038-N.png
CFD/WF-205/CFD-WF-205-006-N.jpg,WF-205,W,F,184.0,CFD-WF-205-006-N.png
CFD/WF-206/CFD-WF-206-147-N.jpg,WF-206,W,F,172.0,CFD-WF-206-147-N.png
CFD/WF-207/CFD-WF-207-014-N.jpg,WF-207,W,F,177.0,CFD-WF-207-014-N.png
CFD/WF-208/CFD-WF-208-068-N.jpg,WF-208,W,F,174.5,CFD-WF-208-068-N.png
CFD/WF-209/CFD-WF-209-052-N.jpg,WF-209,W,F,172.0,CFD-WF-209-052-N.png
CFD/WF-210/CFD-WF-210-086-N.jpg,WF-210,W,F,167.5,CFD-WF-210-086-N.png
CFD/WF-211/CFD-WF-211-001-N.jpg,WF-211,W,F,178.0,CFD-WF-211-001-N.png
CFD/WF-212/CFD-WF-212-050-N.jpg,WF-212,W,F,182.0,CFD-WF-212-050-N.png
CFD/WF-213/CFD-WF-213-031-N.jpg,WF-213,W,F,173.0,CFD-WF-213-031-N.png
CFD/WF-214/CFD-WF-214-122-N.jpg,WF-214,W,F,172.5,CFD-WF-214-122-N.png
CFD/WF-215/CFD-WF-215-145-N.jpg,WF-215,W,F,171.0,CFD-WF-215-145-N.png
CFD/WF-216/CFD-WF-216-079-N.jpg,WF-216,W,F,170.5,CFD-WF-216-079-N.png
CFD/WF-217/CFD-WF-217-085-N.jpg,WF-217,W,F,167.0,CFD-WF-217-085-N.png
CFD/WF-218/CFD-WF-218-087-N.jpg,WF-218,W,F,164.5,CFD-WF-218-087-N.png
CFD/WF-219/CFD-WF-219-038-N.jpg,WF-219,W,F,166.0,CFD-WF-219-038-N.png
CFD/WF-220/CFD-WF-220-101-N.jpg,WF-220,W,F,174.5,CFD-WF-220-101-N.png
CFD/WF-221/CFD-WF-221-005-N.jpg,WF-221,W,F,186.0,CFD-WF-221-005-N.png
CFD/WF-222/CFD-WF-222-092-N.jpg,WF-222,W,F,160.0,CFD-WF-222-092-N.png
CFD/WF-223/CFD-WF-223-133-N.jpg,WF-223,W,F,182.0,CFD-WF-223-133-N.png
CFD/WF-224/CFD-WF-224-099-N.jpg,WF-224,W,F,181.5,CFD-WF-224-099-N.png
CFD/WF-225/CFD-WF-225-101-N.jpg,WF-225,W,F,182.0,CFD-WF-225-101-N.png
CFD/WF-226/CFD-WF-226-095-N.jpg,WF-226,W,F,172.5,CFD-WF-226-095-N.png
CFD/WF-227/CFD-WF-227-002-N.jpg,WF-227,W,F,181.5,CFD-WF-227-002-N.png
CFD/WF-228/CFD-WF-228-196-N.jpg,WF-228,W,F,172.0,CFD-WF-228-196-N.png
CFD/WF-229/CFD-WF-229-004-N.jpg,WF-229,W,F,180.0,CFD-WF-229-004-N.png
CFD/WF-230/CFD-WF-230-158-N.jpg,WF-230,W,F,177.5,CFD-WF-230-158-N.png
CFD/WF-231/CFD-WF-231-099-N.jpg,WF-231,W,F,176.0,CFD-WF-231-099-N.png
CFD/WF-232/CFD-WF-232-161-N.jpg,WF-232,W,F,175.0,CFD-WF-232-161-N.png
CFD/WF-233/CFD-WF-233-112-N.jpg,WF-233,W,F,175.0,CFD-WF-233-112-N.png
CFD/WF-234/CFD-WF-234-086-N.jpg,WF-234,W,F,182.5,CFD-WF-234-086-N.png
CFD/WF-235/CFD-WF-235-121-N.jpg,WF-235,W,F,168.0,CFD-WF-235-121-N.png
CFD/WF-236/CFD-WF-236-107-N.jpg,WF-236,W,F,172.0,CFD-WF-236-107-N.png
CFD/WF-237/CFD-WF-237-067-N.jpg,WF-237,W,F,180.5,CFD-WF-237-067-N.png
CFD/WF-238/CFD-WF-238-023-N.jpg,WF-238,W,F,173.5,CFD-WF-238-023-N.png
CFD/WF-239/CFD-WF-239-155-N.jpg,WF-239,W,F,165.5,CFD-WF-239-155-N.png
CFD/WF-240/CFD-WF-240-083-N.jpg,WF-240,W,F,142.0,CFD-WF-240-083-N.png
CFD/WF-241/CFD-WF-241-210-N.jpg,WF-241,W,F,160.5,CFD-WF-241-210-N.png
CFD/WF-242/CFD-WF-242-001-N.jpg,WF-242,W,F,171.5,CFD-WF-242-001-N.png
CFD/WF-243/CFD-WF-243-148-N.jpg,WF-243,W,F,173.0,CFD-WF-243-148-N.png
CFD/WF-244/CFD-WF-244-163-N.jpg,WF-244,W,F,185.0,CFD-WF-244-163-N.png
CFD/WF-245/CFD-WF-245-084-N.jpg,WF-245,W,F,158.5,CFD-WF-245-084-N.png
CFD/WF-246/CFD-WF-246-087-N.jpg,WF-246,W,F,162.0,CFD-WF-246-087-N.png
CFD/WF-247/CFD-WF-247-065-N.jpg,WF-247,W,F,183.0,CFD-WF-247-065-N.png
CFD/WF-248/CFD-WF-248-129-N.jpg,WF-248,W,F,185.0,CFD-WF-248-129-N.png
CFD/WF-249/CFD-WF-249-126-N.jpg,WF-249,W,F,182.0,CFD-WF-249-126-N.png
CFD/WF-250/CFD-WF-250-167-N.jpg,WF-250,W,F,180.5,CFD-WF-250-167-N.png
CFD/WF-251/CFD-WF-251-014-N.jpg,WF-251,W,F,161.0,CFD-WF-251-014-N.png
CFD/WF-252/CFD-WF-252-159-N.jpg,WF-252,W,F,178.0,CFD-WF-252-159-N.png
CFD/WM-001/CFD-WM-001-014-N.jpg,WM-001,W,M,162.5,CFD-WM-001-014-N.png
CFD/WM-002/CFD-WM-002-009-N.jpg,WM-002,W,M,156.5,CFD-WM-002-009-N.png
CFD/WM-003/CFD-WM-003-002-N.jpg,WM-003,W,M,168.0,CFD-WM-003-002-N.png
CFD/WM-004/CFD-WM-004-010-N.jpg,WM-004,W,M,151.0,CFD-WM-004-010-N.png
CFD/WM-006/CFD-WM-006-002-N.jpg,WM-006,W,M,148.5,CFD-WM-006-002-N.png
CFD/WM-009/CFD-WM-009-002-N.jpg,WM-009,W,M,141.5,CFD-WM-009-002-N.png
CFD/WM-010/CFD-WM-010-001-N.jpg,WM-010,W,M,148.5,CFD-WM-010-001-N.png
CFD/WM-011/CFD-WM-011-002-N.jpg,WM-011,W,M,150.5,CFD-WM-011-002-N.png
CFD/WM-012/CFD-WM-012-001-N.jpg,WM-012,W,M,143.0,CFD-WM-012-001-N.png
CFD/WM-013/CFD-WM-013-001-N.jpg,WM-013,W,M,143.0,CFD-WM-013-001-N.png
CFD/WM-014/CFD-WM-014-002-N.jpg,WM-014,W,M,137.5,CFD-WM-014-002-N.png
CFD/WM-015/CFD-WM-015-002-N.jpg,WM-015,W,M,159.0,CFD-WM-015-002-N.png
CFD/WM-016/CFD-WM-016-001-N.jpg,WM-016,W,M,144.0,CFD-WM-016-001-N.png
CFD/WM-017/CFD-WM-017-002-N.jpg,WM-017,W,M,150.5,CFD-WM-017-002-N.png
CFD/WM-018/CFD-WM-018-002-N.jpg,WM-018,W,M,129.5,CFD-WM-018-002-N.png
CFD/WM-019/CFD-WM-019-003-N.jpg,WM-019,W,M,143.5,CFD-WM-019-003-N.png
CFD/WM-020/CFD-WM-020-001-N.jpg,WM-020,W,M,149.5,CFD-WM-020-001-N.png
CFD/WM-021/CFD-WM-021-001-N.jpg,WM-021,W,M,130.5,CFD-WM-021-001-N.png
CFD/WM-022/CFD-WM-022-001-N.jpg,WM-022,W,M,142.0,CFD-WM-022-001-N.png
CFD/WM-023/CFD-WM-023-001-N.jpg,WM-023,W,M,135.5,CFD-WM-023-001-N.png
CFD/WM-024/CFD-WM-024-015-N.jpg,WM-024,W,M,155.0,CFD-WM-024-015-N.png
CFD/WM-025/CFD-WM-025-002-N.jpg,WM-025,W,M,151.5,CFD-WM-025-002-N.png
CFD/WM-026/CFD-WM-026-001-N.jpg,WM-026,W,M,148.5,CFD-WM-026-001-N.png
CFD/WM-028/CFD-WM-028-003-N.jpg,WM-028,W,M,145.0,CFD-WM-028-003-N.png
CFD/WM-029/CFD-WM-029-023-N.jpg,WM-029,W,M,142.0,CFD-WM-029-023-N.png
CFD/WM-031/CFD-WM-031-003-N.jpg,WM-031,W,M,163.0,CFD-WM-031-003-N.png
CFD/WM-032/CFD-WM-032-001-N.jpg,WM-032,W,M,161.5,CFD-WM-032-001-N.png
CFD/WM-033/CFD-WM-033-025-N.jpg,WM-033,W,M,156.0,CFD-WM-033-025-N.png
CFD/WM-034/CFD-WM-034-030-N.jpg,WM-034,W,M,153.0,CFD-WM-034-030-N.png
CFD/WM-035/CFD-WM-035-032-N.jpg,WM-035,W,M,157.5,CFD-WM-035-032-N.png
CFD/WM-036/CFD-WM-036-031-N.jpg,WM-036,W,M,139.0,CFD-WM-036-031-N.png
CFD/WM-037/CFD-WM-037-025-N.jpg,WM-037,W,M,158.0,CFD-WM-037-025-N.png
CFD/WM-038/CFD-WM-038-003-N.jpg,WM-038,W,M,157.0,CFD-WM-038-003-N.png
CFD/WM-039/CFD-WM-039-018-N.jpg,WM-039,W,M,156.5,CFD-WM-039-018-N.png
CFD/WM-040/CFD-WM-040-022-N.jpg,WM-040,W,M,151.0,CFD-WM-040-022-N.png
CFD/WM-041/CFD-WM-041-021-N.jpg,WM-041,W,M,145.5,CFD-WM-041-021-N.png
CFD/WM-200/CFD-WM-200-034-N.jpg,WM-200,W,M,173.5,CFD-WM-200-034-N.png
CFD/WM-201/CFD-WM-201-063-N.jpg,WM-201,W,M,164.5,CFD-WM-201-063-N.png
CFD/WM-202/CFD-WM-202-107-N.jpg,WM-202,W,M,154.5,CFD-WM-202-107-N.png
CFD/WM-203/CFD-WM-203-023-N.jpg,WM-203,W,M,150.0,CFD-WM-203-023-N.png
CFD/WM-204/CFD-WM-204-031-N.jpg,WM-204,W,M,155.5,CFD-WM-204-031-N.png
CFD/WM-205/CFD-WM-205-007-N.jpg,WM-205,W,M,160.5,CFD-WM-205-007-N.png
CFD/WM-206/CFD-WM-206-045-N.jpg,WM-206,W,M,168.0,CFD-WM-206-045-N.png
CFD/WM-207/CFD-WM-207-048-N.jpg,WM-207,W,M,147.0,CFD-WM-207-048-N.png
CFD/WM-208/CFD-WM-208-068-N.jpg,WM-208,W,M,168.5,CFD-WM-208-068-N.png
CFD/WM-209/CFD-WM-209-038-N.jpg,WM-209,W,M,173.0,CFD-WM-209-038-N.png
CFD/WM-210/CFD-WM-210-057-N.jpg,WM-210,W,M,161.0,CFD-WM-210-057-N.png
CFD/WM-211/CFD-WM-211-054-N.jpg,WM-211,W,M,167.0,CFD-WM-211-054-N.png
CFD/WM-212/CFD-WM-212-097-N.jpg,WM-212,W,M,158.5,CFD-WM-212-097-N.png
CFD/WM-213/CFD-WM-213-076-N.jpg,WM-213,W,M,165.5,CFD-WM-213-076-N.png
CFD/WM-214/CFD-WM-214-026-N.jpg,WM-214,W,M,169.0,CFD-WM-214-026-N.png
CFD/WM-215/CFD-WM-215-041-N.jpg,WM-215,W,M,159.0,CFD-WM-215-041-N.png
CFD/WM-216/CFD-WM-216-061-N.jpg,WM-216,W,M,161.0,CFD-WM-216-061-N.png
CFD/WM-217/CFD-WM-217-070-N.jpg,WM-217,W,M,164.5,CFD-WM-217-070-N.png
CFD/WM-218/CFD-WM-218-074-N.jpg,WM-218,W,M,152.5,CFD-WM-218-074-N.png
CFD/WM-219/CFD-WM-219-008-N.jpg,WM-219,W,M,173.0,CFD-WM-219-008-N.png
CFD/WM-220/CFD-WM-220-068-N.jpg,WM-220,W,M,163.5,CFD-WM-220-068-N.png
CFD/WM-221/CFD-WM-221-091-N.jpg,WM-221,W,M,167.5,CFD-WM-221-091-N.png
CFD/WM-222/CFD-WM-222-057-N.jpg,WM-222,W,M,174.0,CFD-WM-222-057-N.png
CFD/WM-223/CFD-WM-223-056-N.jpg,WM-223,W,M,156.0,CFD-WM-223-056-N.png
CFD/WM-224/CFD-WM-224-197-N.jpg,WM-224,W,M,176.0,CFD-WM-224-197-N.png
CFD/WM-225/CFD-WM-225-127-N.jpg,WM-225,W,M,165.0,CFD-WM-225-127-N.png
CFD/WM-227/CFD-WM-227-099-N.jpg,WM-227,W,M,172.5,CFD-WM-227-099-N.png
CFD/WM-228/CFD-WM-228-065-N.jpg,WM-228,W,M,171.0,CFD-WM-228-065-N.png
CFD/WM-229/CFD-WM-229-129-N.jpg,WM-229,W,M,171.5,CFD-WM-229-129-N.png
CFD/WM-230/CFD-WM-230-131-N.jpg,WM-230,W,M,173.0,CFD-WM-230-131-N.png
CFD/WM-231/CFD-WM-231-112-N.jpg,WM-231,W,M,177.0,CFD-WM-231-112-N.png
CFD/WM-232/CFD-WM-232-070-N.jpg,WM-232,W,M,175.0,CFD-WM-232-070-N.png
CFD/WM-233/CFD-WM-233-106-N.jpg,WM-233,W,M,161.5,CFD-WM-233-106-N.png
CFD/WM-234/CFD-WM-234-118-N.jpg,WM-234,W,M,172.0,CFD-WM-234-118-N.png
CFD/WM-235/CFD-WM-235-147-N.jpg,WM-235,W,M,176.5,CFD-WM-235-147-N.png
CFD/WM-236/CFD-WM-236-072-N.jpg,WM-236,W,M,173.5,CFD-WM-236-072-N.png
CFD/WM-237/CFD-WM-237-052-N.jpg,WM-237,W,M,174.0,CFD-WM-237-052-N.png
CFD/WM-238/CFD-WM-238-020-N.jpg,WM-238,W,M,172.0,CFD-WM-238-020-N.png
CFD/WM-239/CFD-WM-239-128-N.jpg,WM-239,W,M,167.0,CFD-WM-239-128-N.png
CFD/WM-240/CFD-WM-240-125-N.jpg,WM-240,W,M,177.0,CFD-WM-240-125-N.png
CFD/WM-241/CFD-WM-241-072-N.jpg,WM-241,W,M,169.0,CFD-WM-241-072-N.png
CFD/WM-242/CFD-WM-242-011-N.jpg,WM-242,W,M,171.5,CFD-WM-242-011-N.png
CFD/WM-243/CFD-WM-243-107-N.jpg,WM-243,W,M,151.5,CFD-WM-243-107-N.png
CFD/WM-244/CFD-WM-244-003-N.jpg,WM-244,W,M,165.5,CFD-WM-244-003-N.png
CFD/WM-245/CFD-WM-245-123-N.jpg,WM-245,W,M,165.5,CFD-WM-245-123-N.png
CFD/WM-247/CFD-WM-247-084-N.jpg,WM-247,W,M,169.0,CFD-WM-247-084-N.png
CFD/WM-248/CFD-WM-248-036-N.jpg,WM-248,W,M,166.0,CFD-WM-248-036-N.png
CFD/WM-249/CFD-WM-249-239-N.jpg,WM-249,W,M,156.0,CFD-WM-249-239-N.png
CFD/WM-250/CFD-WM-250-157-N.jpg,WM-250,W,M,168.0,CFD-WM-250-157-N.png
CFD/WM-251/CFD-WM-251-002-N.jpg,WM-251,W,M,161.0,CFD-WM-251-002-N.png
CFD/WM-252/CFD-WM-252-224-N.jpg,WM-252,W,M,149.0,CFD-WM-252-224-N.png
CFD/WM-253/CFD-WM-253-119-N.jpg,WM-253,W,M,165.5,CFD-WM-253-119-N.png
CFD/WM-254/CFD-WM-254-152-N.jpg,WM-254,W,M,174.0,CFD-WM-254-152-N.png
CFD/WM-255/CFD-WM-255-219-N.jpg,WM-255,W,M,162.5,CFD-WM-255-219-N.png
CFD/WM-256/CFD-WM-256-138-N.jpg,WM-256,W,M,166.5,CFD-WM-256-138-N.png
CFD/WM-257/CFD-WM-257-161-N.jpg,WM-257,W,M,172.0,CFD-WM-257-161-N.png
CFD/WM-258/CFD-WM-258-125-N.jpg,WM-258,W,M,176.5,CFD-WM-258-125-N.png
CFD-INDIA/CFD-IF-601-519-N.jpg,IF601-519,I,F,134.0,CFD-IF-601-519-N.png
CFD-INDIA/CFD-IF-602-134-N.jpg,IF602-134,I,F,142.0,CFD-IF-602-134-N.png
CFD-INDIA/CFD-IF-605-066-N.jpg,IF605-066,I,F,158.0,CFD-IF-605-066-N.png
CFD-INDIA/CFD-IF-608-390-N.jpg,IF608-390,I,F,161.6666667,CFD-IF-608-390-N.png
CFD-INDIA/CFD-IF-609-408-N.jpg,IF609-408,I,F,123.3333333,CFD-IF-609-408-N.png
CFD-INDIA/CFD-IF-610-766-N.jpg,IF610-766,I,F,147.0,CFD-IF-610-766-N.png
CFD-INDIA/CFD-IF-612-149-N.jpg,IF612-149,I,F,160.0,CFD-IF-612-149-N.png
CFD-INDIA/CFD-IF-614-107-N.jpg,IF614-107,I,F,144.0,CFD-IF-614-107-N.png
CFD-INDIA/CFD-IF-618-212-N.jpg,IF618-212,I,F,146.6666667,CFD-IF-618-212-N.png
CFD-INDIA/CFD-IF-619-197-N.jpg,IF619-197,I,F,131.3333333,CFD-IF-619-197-N.png
CFD-INDIA/CFD-IF-620-218-N.jpg,IF620-218,I,F,149.6666667,CFD-IF-620-218-N.png
CFD-INDIA/CFD-IF-622-096-N.jpg,IF622-096,I,F,139.6666667,CFD-IF-622-096-N.png
CFD-INDIA/CFD-IF-623-129-N.jpg,IF623-129,I,F,125.3333333,CFD-IF-623-129-N.png
CFD-INDIA/CFD-IF-625-225-N.jpg,IF625-225,I,F,150.6666667,CFD-IF-625-225-N.png
CFD-INDIA/CFD-IF-626-375-N.jpg,IF626-375,I,F,148.6666667,CFD-IF-626-375-N.png
CFD-INDIA/CFD-IF-629-234-N.jpg,IF629-234,I,F,139.6666667,CFD-IF-629-234-N.png
CFD-INDIA/CFD-IF-631-363-N.jpg,IF631-363,I,F,138.6666667,CFD-IF-631-363-N.png
CFD-INDIA/CFD-IF-633-012-N.jpg,IF633-012,I,F,148.6666667,CFD-IF-633-012-N.png
CFD-INDIA/CFD-IF-634-382-N.jpg,IF634-382,I,F,150.0,CFD-IF-634-382-N.png
CFD-INDIA/CFD-IF-636-011-N.jpg,IF636-011,I,F,119.0,CFD-IF-636-011-N.png
CFD-INDIA/CFD-IF-641-504-N.jpg,IF641-504,I,F,135.0,CFD-IF-641-504-N.png
CFD-INDIA/CFD-IF-642-295-N.jpg,IF642-295,I,F,141.6666667,CFD-IF-642-295-N.png
CFD-INDIA/CFD-IF-644-306/CFD-IF-644-306-1-N.jpg,IF644-306-1,I,F,125.3333333,CFD-IF-644-306-1-N.png
CFD-INDIA/CFD-IF-649-016-N.jpg,IF649-016,I,F,127.6666667,CFD-IF-649-016-N.png
CFD-INDIA/CFD-IF-650-315-N.jpg,IF650-315,I,F,141.3333333,CFD-IF-650-315-N.png
CFD-INDIA/CFD-IF-660-464-N.jpg,IF660-464,I,F,137.0,CFD-IF-660-464-N.png
CFD-INDIA/CFD-IF-665-015-N.jpg,IF665-015,I,F,102.6666667,CFD-IF-665-015-N.png
CFD-INDIA/CFD-IF-668-009-N.jpg,IF668-009,I,F,127.6666667,CFD-IF-668-009-N.png
CFD-INDIA/CFD-IF-672-305-N.jpg,IF672-305,I,F,115.6666667,CFD-IF-672-305-N.png
CFD-INDIA/CFD-IF-673-389-N.jpg,IF673-389,I,F,126.6666667,CFD-IF-673-389-N.png
CFD-INDIA/CFD-IF-676-017-N.jpg,IF676-017,I,F,103.6666667,CFD-IF-676-017-N.png
CFD-INDIA/CFD-IF-677-452/CFD-IF-677-452-1-N.jpg,IF677-452-1,I,F,97.33333333,CFD-IF-677-452-1-N.png
CFD-INDIA/CFD-IF-691-007-N.jpg,IF691-007,I,F,151.6666667,CFD-IF-691-007-N.png
CFD-INDIA/CFD-IF-693-172-N.jpg,IF693-172,I,F,135.3333333,CFD-IF-693-172-N.png
CFD-INDIA/CFD-IF-704-125-N.jpg,IF704-125,I,F,141.0,CFD-IF-704-125-N.png
CFD-INDIA/CFD-IF-705-196-N.jpg,IF705-196,I,F,108.3333333,CFD-IF-705-196-N.png
CFD-INDIA/CFD-IF-710-016-N.jpg,IF710-016,I,F,131.6666667,CFD-IF-710-016-N.png
CFD-INDIA/CFD-IF-713-170-N.jpg,IF713-170,I,F,109.6666667,CFD-IF-713-170-N.png
CFD-INDIA/CFD-IF-714-008/CFD-IF-714-008-1-N.jpg,IF714-008-1,I,F,105.0,CFD-IF-714-008-1-N.png
CFD-INDIA/CFD-IF-718-001-N.jpg,IF718-001,I,F,139.3333333,CFD-IF-718-001-N.png
CFD-INDIA/CFD-IF-722-456-N.jpg,IF722-456,I,F,113.6666667,CFD-IF-722-456-N.png
CFD-INDIA/CFD-IF-723-255-N.jpg,IF723-255,I,F,139.6666667,CFD-IF-723-255-N.png
CFD-INDIA/CFD-IF-729-393-N.jpg,IF729-393,I,F,135.0,CFD-IF-729-393-N.png
CFD-INDIA/CFD-IF-730-410-N.jpg,IF730-410,I,F,149.6666667,CFD-IF-730-410-N.png
CFD-INDIA/CFD-IF-732-260-N.jpg,IF732-260,I,F,131.6666667,CFD-IF-732-260-N.png
CFD-INDIA/CFD-IF-733-110-N.jpg,IF733-110,I,F,141.3333333,CFD-IF-733-110-N.png
CFD-INDIA/CFD-IF-734-108-N.jpg,IF734-108,I,F,134.3333333,CFD-IF-734-108-N.png
CFD-INDIA/CFD-IF-735-353-N.jpg,IF735-353,I,F,139.0,CFD-IF-735-353-N.png
CFD-INDIA/CFD-IF-737-104-N.jpg,IF737-104,I,F,129.0,CFD-IF-737-104-N.png
CFD-INDIA/CFD-IF-741-040-N.jpg,IF741-040,I,F,158.3333333,CFD-IF-741-040-N.png
CFD-INDIA/CFD-IF-742-103-N.jpg,IF742-103,I,F,146.6666667,CFD-IF-742-103-N.png
CFD-INDIA/CFD-IF-744-114-N.jpg,IF744-114,I,F,155.6666667,CFD-IF-744-114-N.png
CFD-INDIA/CFD-IM-603-305-N.jpg,IM603-305,I,M,104.6666667,CFD-IM-603-305-N.png
CFD-INDIA/CFD-IM-604-014-N.jpg,IM604-014,I,M,123.6666667,CFD-IM-604-014-N.png
CFD-INDIA/CFD-IM-606-008-N.jpg,IM606-008,I,M,122.3333333,CFD-IM-606-008-N.png
CFD-INDIA/CFD-IM-607-018-N.jpg,IM607-018,I,M,139.3333333,CFD-IM-607-018-N.png
CFD-INDIA/CFD-IM-611-306-N.jpg,IM611-306,I,M,125.6666667,CFD-IM-611-306-N.png
CFD-INDIA/CFD-IM-613-169-N.jpg,IM613-169,I,M,139.6666667,CFD-IM-613-169-N.png
CFD-INDIA/CFD-IM-615-167-N.jpg,IM615-167,I,M,99.0,CFD-IM-615-167-N.png
CFD-INDIA/CFD-IM-616-214-N.jpg,IM616-214,I,M,141.0,CFD-IM-616-214-N.png
CFD-INDIA/CFD-IM-617-174-N.jpg,IM617-174,I,M,117.3333333,CFD-IM-617-174-N.png
CFD-INDIA/CFD-IM-621-136-N.jpg,IM621-136,I,M,115.3333333,CFD-IM-621-136-N.png
CFD-INDIA/CFD-IM-627-178-N.jpg,IM627-178,I,M,143.6666667,CFD-IM-627-178-N.png
CFD-INDIA/CFD-IM-628-176-N.jpg,IM628-176,I,M,124.6666667,CFD-IM-628-176-N.png
CFD-INDIA/CFD-IM-630-134-N.jpg,IM630-134,I,M,127.3333333,CFD-IM-630-134-N.png
CFD-INDIA/CFD-IM-632-097-N.jpg,IM632-097,I,M,116.0,CFD-IM-632-097-N.png
CFD-INDIA/CFD-IM-635-010-N.jpg,IM635-010,I,M,109.3333333,CFD-IM-635-010-N.png
CFD-INDIA/CFD-IM-637-007-N.jpg,IM637-007,I,M,129.3333333,CFD-IM-637-007-N.png
CFD-INDIA/CFD-IM-638-250/CFD-IM-638-250-1-N.jpg,IM638-250-1,I,M,112.6666667,CFD-IM-638-250-1-N.png
CFD-INDIA/CFD-IM-639-263-N.jpg,IM639-263,I,M,83.33333333,CFD-IM-639-263-N.png
CFD-INDIA/CFD-IM-640-009-N.jpg,IM640-009,I,M,117.0,CFD-IM-640-009-N.png
CFD-INDIA/CFD-IM-645-001-N.jpg,IM645-001,I,M,140.3333333,CFD-IM-645-001-N.png
CFD-INDIA/CFD-IM-646-023-N.jpg,IM646-023,I,M,126.6666667,CFD-IM-646-023-N.png
CFD-INDIA/CFD-IM-647-548-N.jpg,IM647-548,I,M,127.0,CFD-IM-647-548-N.png
CFD-INDIA/CFD-IM-648-337-N.jpg,IM648-337,I,M,104.3333333,CFD-IM-648-337-N.png
CFD-INDIA/CFD-IM-651-308-N.jpg,IM651-308,I,M,108.3333333,CFD-IM-651-308-N.png
CFD-INDIA/CFD-IM-652-191-N.jpg,IM652-191,I,M,104.0,CFD-IM-652-191-N.png
CFD-INDIA/CFD-IM-653-008-N.jpg,IM653-008,I,M,130.0,CFD-IM-653-008-N.png
CFD-INDIA/CFD-IM-654-417-N.jpg,IM654-417,I,M,83.66666667,CFD-IM-654-417-N.png
CFD-INDIA/CFD-IM-655-234-N.jpg,IM655-234,I,M,116.0,CFD-IM-655-234-N.png
CFD-INDIA/CFD-IM-656-273-N.jpg,IM656-273,I,M,116.6666667,CFD-IM-656-273-N.png
CFD-INDIA/CFD-IM-657-308-N.jpg,IM657-308,I,M,80.0,CFD-IM-657-308-N.png
CFD-INDIA/CFD-IM-658-284-N.jpg,IM658-284,I,M,144.3333333,CFD-IM-658-284-N.png
CFD-INDIA/CFD-IM-659-359-N.jpg,IM659-359,I,M,126.0,CFD-IM-659-359-N.png
CFD-INDIA/CFD-IM-661-254-N.jpg,IM661-254,I,M,141.3333333,CFD-IM-661-254-N.png
CFD-INDIA/CFD-IM-662-171-N.jpg,IM662-171,I,M,139.0,CFD-IM-662-171-N.png
CFD-INDIA/CFD-IM-663-230-N.jpg,IM663-230,I,M,138.0,CFD-IM-663-230-N.png
CFD-INDIA/CFD-IM-664-651-N.jpg,IM664-651,I,M,125.0,CFD-IM-664-651-N.png
CFD-INDIA/CFD-IM-666-372-N.jpg,IM666-372,I,M,116.0,CFD-IM-666-372-N.png
CFD-INDIA/CFD-IM-667-369-N.jpg,IM667-369,I,M,99.0,CFD-IM-667-369-N.png
CFD-INDIA/CFD-IM-669-111-N.jpg,IM669-111,I,M,151.0,CFD-IM-669-111-N.png
CFD-INDIA/CFD-IM-670-215-N.jpg,IM670-215,I,M,117.0,CFD-IM-670-215-N.png
CFD-INDIA/CFD-IM-671-601-N.jpg,IM671-601,I,M,113.0,CFD-IM-671-601-N.png
CFD-INDIA/CFD-IM-674-281-N.jpg,IM674-281,I,M,116.0,CFD-IM-674-281-N.png
CFD-INDIA/CFD-IM-675-015-N.jpg,IM675-015,I,M,115.0,CFD-IM-675-015-N.png
CFD-INDIA/CFD-IM-678-482-N.jpg,IM678-482,I,M,121.0,CFD-IM-678-482-N.png
CFD-INDIA/CFD-IM-679-069-N.jpg,IM679-069,I,M,111.3333333,CFD-IM-679-069-N.png
CFD-INDIA/CFD-IM-680-369-N.jpg,IM680-369,I,M,129.3333333,CFD-IM-680-369-N.png
CFD-INDIA/CFD-IM-681-253-N.jpg,IM681-253,I,M,135.0,CFD-IM-681-253-N.png
CFD-INDIA/CFD-IM-682-019-N.jpg,IM682-019,I,M,135.0,CFD-IM-682-019-N.png
CFD-INDIA/CFD-IM-683-231-N.jpg,IM683-231,I,M,136.6666667,CFD-IM-683-231-N.png
CFD-INDIA/CFD-IM-684-008-N.jpg,IM684-008,I,M,93.33333333,CFD-IM-684-008-N.png
CFD-INDIA/CFD-IM-685-004-N.jpg,IM685-004,I,M,111.0,CFD-IM-685-004-N.png
CFD-INDIA/CFD-IM-686-097-N.jpg,IM686-097,I,M,136.6666667,CFD-IM-686-097-N.png
CFD-INDIA/CFD-IM-687-511-N.jpg,IM687-511,I,M,127.6666667,CFD-IM-687-511-N.png
CFD-INDIA/CFD-IM-688-322-N.jpg,IM688-322,I,M,124.6666667,CFD-IM-688-322-N.png
CFD-INDIA/CFD-IM-689-263-N.jpg,IM689-263,I,M,127.6666667,CFD-IM-689-263-N.png
CFD-INDIA/CFD-IM-690-282-N.jpg,IM690-282,I,M,123.0,CFD-IM-690-282-N.png
CFD-INDIA/CFD-IM-692-011-N.jpg,IM692-011,I,M,90.33333333,CFD-IM-692-011-N.png
CFD-INDIA/CFD-IM-694-297-N.jpg,IM694-297,I,M,113.6666667,CFD-IM-694-297-N.png
CFD-INDIA/CFD-IM-695-001-N.jpg,IM695-001,I,M,99.66666667,CFD-IM-695-001-N.png
CFD-INDIA/CFD-IM-696-001-N.jpg,IM696-001,I,M,119.6666667,CFD-IM-696-001-N.png
CFD-INDIA/CFD-IM-697-015-N.jpg,IM697-015,I,M,120.6666667,CFD-IM-697-015-N.png
CFD-INDIA/CFD-IM-698-011-N.jpg,IM698-011,I,M,130.3333333,CFD-IM-698-011-N.png
CFD-INDIA/CFD-IM-699-002-N.jpg,IM699-002,I,M,126.0,CFD-IM-699-002-N.png
CFD-INDIA/CFD-IM-700-009-N.jpg,IM700-009,I,M,108.3333333,CFD-IM-700-009-N.png
CFD-INDIA/CFD-IM-701-312-N.jpg,IM701-312,I,M,93.33333333,CFD-IM-701-312-N.png
CFD-INDIA/CFD-IM-702-101-N.jpg,IM702-101,I,M,125.3333333,CFD-IM-702-101-N.png
CFD-INDIA/CFD-IM-703-182-N.jpg,IM703-182,I,M,112.3333333,CFD-IM-703-182-N.png
CFD-INDIA/CFD-IM-706-002-N.jpg,IM706-002,I,M,89.33333333,CFD-IM-706-002-N.png
CFD-INDIA/CFD-IM-707-105-N.jpg,IM707-105,I,M,113.3333333,CFD-IM-707-105-N.png
CFD-INDIA/CFD-IM-708-362-N.jpg,IM708-362,I,M,70.0,CFD-IM-708-362-N.png
CFD-INDIA/CFD-IM-709-103-N.jpg,IM709-103,I,M,117.6666667,CFD-IM-709-103-N.png
CFD-INDIA/CFD-IM-711-011-N.jpg,IM711-011,I,M,160.0,CFD-IM-711-011-N.png
CFD-INDIA/CFD-IM-712-005-N.jpg,IM712-005,I,M,136.3333333,CFD-IM-712-005-N.png
CFD-INDIA/CFD-IM-715-013-N.jpg,IM715-013,I,M,107.0,CFD-IM-715-013-N.png
CFD-INDIA/CFD-IM-716-316-N.jpg,IM716-316,I,M,115.3333333,CFD-IM-716-316-N.png
CFD-INDIA/CFD-IM-717-110-N.jpg,IM717-110,I,M,136.6666667,CFD-IM-717-110-N.png
CFD-INDIA/CFD-IM-719-221-N.jpg,IM719-220,I,M,110.3333333,CFD-IM-719-221-N.png
CFD-INDIA/CFD-IM-720-014-N.jpg,IM720-014,I,M,94.0,CFD-IM-720-014-N.png
CFD-INDIA/CFD-IM-721-341-N.jpg,IM721-341,I,M,111.3333333,CFD-IM-721-341-N.png
CFD-INDIA/CFD-IM-724-010-N.jpg,IM724-010,I,M,122.0,CFD-IM-724-010-N.png
CFD-INDIA/CFD-IM-725-142-N.jpg,IM725-142,I,M,110.6666667,CFD-IM-725-142-N.png
CFD-INDIA/CFD-IM-726-248-N.jpg,IM726-248,I,M,115.0,CFD-IM-726-248-N.png
CFD-INDIA/CFD-IM-727-195-N.jpg,IM727-195,I,M,116.6666667,CFD-IM-727-195-N.png
CFD-INDIA/CFD-IM-728-041-N.jpg,IM728-041,I,M,135.6666667,CFD-IM-728-041-N.png
CFD-INDIA/CFD-IM-731-223-N.jpg,IM731-223,I,M,133.6666667,CFD-IM-731-223-N.png
CFD-INDIA/CFD-IM-736-361-N.jpg,IM736-361,I,M,139.6666667,CFD-IM-736-361-N.png
CFD-INDIA/CFD-IM-738-191-N.jpg,IM738-191,I,M,115.3333333,CFD-IM-738-191-N.png
CFD-INDIA/CFD-IM-739-012-N.jpg,IM739-012,I,M,132.3333333,CFD-IM-739-012-N.png
CFD-INDIA/CFD-IM-740-273-N.jpg,IM740-273,I,M,138.3333333,CFD-IM-740-273-N.png
CFD-INDIA/CFD-IM-743-006-N.jpg,IM743-006,I,M,142.0,CFD-IM-743-006-N.png
